[
  {
    "BoardName": "Epics",
    "value": [
      {
        "name": "New",
        "itemLimit": 0,
        "stateMappings": {
          "Epic": "New"
        },
        "columnType": "incoming"
      },
      {
        "name": "In Progress",
        "itemLimit": 5,
        "stateMappings": {
          "Epic": "In Progress"
        },
        "columnType": "inProgress",
        "isSplit": false,
        "description": ""
      },
      {
        "name": "Done",
        "itemLimit": 0,
        "stateMappings": {
          "Epic": "Done"
        },
        "columnType": "outgoing"
      }
    ]
  },
  {
    "BoardName": "Features",
    "value": [
      {
        "name": "New",
        "itemLimit": 0,
        "stateMappings": {
          "Feature": "New"
        },
        "columnType": "incoming"
      },
      {
        "name": "In Progress",
        "itemLimit": 5,
        "stateMappings": {
          "Feature": "In Progress"
        },
        "columnType": "inProgress",
        "isSplit": false,
        "description": ""
      },
      {
        "name": "Done",
        "itemLimit": 0,
        "stateMappings": {
          "Feature": "Done"
        },
        "columnType": "outgoing"
      }
    ]
  },
  {
    "BoardName": "Backlog Items",
    "value": [
      {
        "name": "New",
        "itemLimit": 0,
        "stateMappings": {
          "Product Backlog Item": "New",
          "Bug": "New"
        },
        "columnType": "incoming"
      },
      {
        "name": "Approved",
        "itemLimit": 5,
        "stateMappings": {
          "Product Backlog Item": "Approved",
          "Bug": "Approved"
        },
        "columnType": "inProgress",
        "isSplit": false,
        "description": ""
      },
      {
        "name": "Committed",
        "itemLimit": 5,
        "stateMappings": {
          "Product Backlog Item": "Committed",
          "Bug": "Committed"
        },
        "columnType": "inProgress",
        "isSplit": false,
        "description": ""
      },
      {
        "name": "QA Approved",
        "itemLimit": 3,
        "stateMappings": {
          "Product Backlog Item": "New",
          "Bug": "New"
        },
        "columnType": "inProgress",
        "isSplit": true,
        "description": "Passes **all** tests."
      },
      {
        "name": "Done",
        "itemLimit": 0,
        "stateMappings": {
          "Product Backlog Item": "Done",
          "Bug": "Done"
        },
        "columnType": "outgoing"
      }
    ]
  }
]