[
  {
    "BoardName": "Epics",
    "value": [
      {
        "id": "00000000-0000-0000-0000-000000000000",
        "name": null
      }
    ]
  },
  {
    "BoardName": "Features",
    "value": [
      {
        "id": "00000000-0000-0000-0000-000000000000",
        "name": null
      }
    ]
  },
  {
    "BoardName": "Backlog Items",
    "value": [
      {
        "id": "89d7455b-4c97-4374-a4e5-295f35c7b3c4",
        "name": "Expedite"
      },
      {
        "id": "00000000-0000-0000-0000-000000000000",
        "name": null
      }
    ]
  }
]