[
  {
    "url": "",
    "rules": {
      "tagStyle": []
    },
    "_links": "{}",
    "BoardName": "Epics"
  },
  {
    "url": "",
    "rules": {
      "tagStyle": []
    },
    "_links": "{}",
    "BoardName": "Features"
  },
  {
    "url": "",
    "rules": {
      "tagStyle": [
        {
          "name": "service",
          "isEnabled": "True",
          "settings": {
            "background-color": "#2cbdd9",
            "color": "#000000"
          }
        },
        {
          "name": "external api",
          "isEnabled": "True",
          "settings": {
            "background-color": "#fbbc3d",
            "color": "#000000"
          }
        },
        {
          "name": "data",
          "isEnabled": "True",
          "settings": {
            "background-color": "#fbfd52",
            "color": "#000000"
          }
        }
      ]
    },
    "_links": "{}",
    "BoardName": "Backlog Items"
  }
]