[
  {
    "id": "e7d03bd3-13fc-4f84-b293-6404e5472471",
    "name": "Team - Management",
    "description": "",
    "isDefault": "false"
  },
  {
    "id": "561268b9-ffdf-4f9c-b261-50598dbc2875",
    "name": "Team - Testers",
    "description": "",
    "isDefault": "false"
  },
  {
    "id": "ccaa597d-5291-40f1-82a1-9295a47faf3d",
    "name": "Template - Agile Planning Team",
    "description": "The default project team.",
    "isDefault": "true"
  },
  {
    "id": "c5e2919d-bb7d-41d0-9d4e-67ca133a938d",
    "name": "Team - Operations",
    "description": "",
    "isDefault": "false"
  },
  {
    "id": "03c6c69a-0828-417f-b68c-d8ead2fa428b",
    "name": "Team - Designers",
    "description": "",
    "isDefault": "false"
  },
  {
    "id": "ce4f8318-4fdd-413d-9989-731e43adb20e",
    "name": "Team - Developers",
    "description": "",
    "isDefault": "false"
  }
]